id	title	publisher	perspective	domains	kind	languages	format	url	bytes	license	license_url	access	update	checksum_url	homepage	verified	recommend	notes
lcsh	Library of Congress Subject Headings (LCSH), SKOS/RDF bulk export (N-Triples)	Library of Congress (id.loc.gov Linked Data Service)	US Library of Congress (national library, USA; Anglo-American cataloguing tradition)	acat/arts;acat/belief;acat/earth;acat/everyday;acat/health;acat/language;acat/life;acat/matter;acat/mind;acat/past;acat/society;acat/technology;acat/thought	subject-headings	1	skos-nt	https://id.loc.gov/download/authorities/subjects.skosrdf.nt.gz	100520866	Public domain: 'The Library of Congress has prepared this linked data system and is making it available as a public domain data set'	https://id.loc.gov/about/	open	Regenerated regularly; this file dct:issued 2026-09-22, dct:modified 2026-09-23 (per the .json info file); Last-Modified 2026-09-23	https://id.loc.gov/download/authorities/subjects.skosrdf.nt.json	https://id.loc.gov/authorities/subjects.html	HEAD 200 2026-09-25	yes	303 redirect to https://lds-downloads.s3.amazonaws.com/authorities/subjects.skosrdf.nt.gz. Valid N-Triples with '# BEGIN /authorities/subjects/shNNN' and '# END' comment lines around each record. skos:Concept in scheme <http://id.loc.gov/authorities/subjects>; skos:prefLabel and skos:altLabel (@en; alt labels also as skos-xl:altLabel/literalForm nodes); skos:broader/narrower/related; skos:note, skos:editorialNote, skos:example, skos:historyNote; skos:notation carries MARC geographic area codes (datatype .../codes/gac), not class numbers; skos:changeNote -> changeset blank nodes (skip). No external mappings in this file: LC Classification numbers exist only in the MADS/RDF export (madsrdf:classification -> id.loc.gov/authorities/classification/<number>; subjects.madsrdf.nt.gz, ~231 MB per the page), and links to Wikidata, DNB/GND, TGM and others are in https://id.loc.gov/download/externallinks.nt.zip (287,330,097 bytes, Last-Modified 2026-09-25). Fixity caveat: the SHA-1 in the .json info file is computed over the DECOMPRESSED .nt, not the .gz it is attached to (checked on the LCGFT and Children's files today); for single-part uploads the S3 ETag equals the MD5 of the .gz. Mapping target of GND, RAMEAU, NDLSH, YSO, NALT, AAT and Homosaurus rows, so it is the crosswalk hub for this cluster. HTML pages under id.loc.gov (except /download/ and /about/) answered 403 to this container.
lcc-mdsconnect	Library of Congress Classification (LCC), MDSConnect MARCXML classification records (2016 retrospective)	Library of Congress, Cataloging Distribution Service	US Library of Congress (national library, USA); a shelf classification grown from LC's own collection	acat/arts;acat/belief;acat/earth;acat/everyday;acat/health;acat/language;acat/life;acat/matter;acat/mind;acat/past;acat/society;acat/technology;acat/thought	classification	1	xml	https://www.loc.gov/cds/downloads/MDSConnect/Class.2016.part01.xml.gz	32816878	No cost; MDSConnect sets are 'designated primarily for research, education and development use'; 'we encourage you to use the data for research, educational and development purposes' and attribution to LC is appreciated (MDSConnect FAQ)	https://www.loc.gov/cds/PDFdownloads/MDSConnect_FAQs.pdf	open	Static retrospective set (2016; Last-Modified 2019-06-21); FAQ 'anticipate annual updates' but none posted; current LCC only in Classification Web (subscription) or as free PDF schedules (data selected May 2024)		https://www.loc.gov/cds/products/MDSConnect-classification.html	HEAD 200 2026-09-25	no	id.loc.gov offers NO bulk LC Classification download (its /download/ page lists none; the 'LCC A...Z' files there are experimental Amazon Titan vector embeddings grouped by LCC class letter, not the schedules). This file is the MARC 21 Classification format in MARCXML (namespace http://www.loc.gov/MARC21/slim, one <record> per number, leader type w): 153 $a number or span, repeatable $h = captions of the hierarchy above, $j = caption; also 680 scope notes, 683 instructions, 253/353 see/see-also references, 453/553 number tracings, 753 index terms, 761-763 table instructions (tags counted in the first 4,342 records). No parent pointer: rebuild the tree from the $h chain and number ranges. Same page lists a UTF-8 MARC twin (Class.2016.part01.utf8.gz, 29,879,560 bytes) and a 2014 set. 'no' because it is ten years stale, needs a MARC-classification parser, and the FAQ wording limits the intended use; the repo already holds LCC top classes. Free current PDFs: https://www.loc.gov/aba/publications/FreeLCC/freelcc.html (not machine-readable).
lcgft	Library of Congress Genre/Form Terms (LCGFT), SKOS/RDF bulk export (N-Triples)	Library of Congress (id.loc.gov Linked Data Service)	US Library of Congress (national library, USA; Anglo-American cataloguing tradition)	acat/arts;acat/language;acat/past;acat/belief;acat/everyday	thesaurus	1	skos-nt	https://id.loc.gov/download/authorities/genreForms.skosrdf.nt.gz	762947	Public domain: 'The Library of Congress has prepared this linked data system and is making it available as a public domain data set'	https://id.loc.gov/about/	open	Regenerated regularly; this file dct:issued 2026-09-22, dct:modified 2026-09-23 (per the .json info file)	https://id.loc.gov/download/authorities/genreForms.skosrdf.nt.json	https://id.loc.gov/authorities/genreForms.html	HEAD 200 2026-09-25	yes	2,685 skos:Concept (downloaded and counted): skos:prefLabel/altLabel @en (+ skos-xl altLabel nodes), skos:broader/narrower (poly-hierarchy), skos:note, skos:historyNote, rdfs:seeAlso; record comments '# BEGIN/# END' as in LCSH. Genre/form = what a work IS (e.g. oral histories, folk tales, sacred texts) rather than what it is about: a separate facet from topical LCSH. No external mappings in the file (see externallinks.nt.zip in the lcsh row). Fixity caveat: the SHA-1 in the .json info file is computed over the DECOMPRESSED .nt, not the .gz it is attached to (checked on the LCGFT and Children's files today); for single-part uploads the S3 ETag equals the MD5 of the .gz. Related LC vocabularies on the same page: LC Demographic Group Terms (demographicTerms.skosrdf.nt.gz, 675,456 bytes) and Medium of Performance (LCMPT).
lc-childrens-subjects	Library of Congress Children's Subject Headings (CYAC), SKOS/RDF bulk export (N-Triples)	Library of Congress (id.loc.gov Linked Data Service)	US Library of Congress, Children's and Young Adults' Cataloging Program (USA)	acat/arts;acat/belief;acat/earth;acat/everyday;acat/health;acat/language;acat/life;acat/matter;acat/mind;acat/past;acat/society;acat/technology;acat/thought	subject-headings	1	skos-nt	https://id.loc.gov/download/authorities/childrensSubjects.skosrdf.nt.gz	3970866	Public domain: 'The Library of Congress has prepared this linked data system and is making it available as a public domain data set'	https://id.loc.gov/about/	open	Regenerated regularly; this file dct:issued 2026-09-22, dct:modified 2026-09-23 (per the .json info file)	https://id.loc.gov/download/authorities/childrensSubjects.skosrdf.nt.json	https://id.loc.gov/authorities/childrensSubjects.html	HEAD 200 2026-09-25	no	20,929 resources typed skos:Concept, of which 13,192 carry skos:inScheme childrensSubjects (the others are referenced main-LCSH concepts); skos:prefLabel/altLabel @en (+ skos-xl), skos:broader/narrower/related, skos:editorialNote/note. Plain-language adjustments of LCSH for juvenile material: useful as extra English alt labels, low unique coverage, hence 'no'. Fixity caveat: the SHA-1 in the .json info file is computed over the DECOMPRESSED .nt, not the .gz it is attached to (checked on the LCGFT and Children's files today); for single-part uploads the S3 ETag equals the MD5 of the .gz.
fast-topical	FAST (Faceted Application of Subject Terminology), Topical facet, N-Triples	OCLC Research	OCLC (library cooperative, Dublin, Ohio, USA); a faceted simplification of LCSH	acat/arts;acat/belief;acat/earth;acat/everyday;acat/health;acat/language;acat/life;acat/matter;acat/mind;acat/past;acat/society;acat/technology;acat/thought	subject-headings	1	rdf-nt	https://researchworks.oclc.org/researchdata/fast/FASTTopical.nt.zip		Open Data Commons Attribution License (ODC-By); required attribution line given on the download page	https://www.oclc.org/research/areas/data-science/fast/download.html	open	Irregular; the page states 'FAST was last updated on 10 October 2024'		https://www.oclc.org/research/areas/data-science/fast.html	403 2026-09-25 (Cloudflare 'Attention Required' challenge on HEAD and on GET-range; the download page itself answered 200)	no	The download page lists 'RDF (Linked Data Format N-Triples)' zips per facet: Topical (.zip: 46MB), Geographic (28MB), FormGenre (343k), Chronological (48k), Event (2MB), Meeting, Corporate Names, Personal Names, Uniform Titles, and All Files (266MB); the same split exists as MARC XML and ISO MARC. bytes is empty because no probe got through; the publisher's listing says ~46 MB. File contents could not be inspected from this container: check predicates (labels, broader/related, links back to the LCSH source headings) on first download. 'no' because FAST is derived from LCSH (little unique coverage), was last updated Oct 2024, and is blocked here; FAST Geographic could still serve as a 'where' facet.
gnd-subjects	GND (Gemeinsame Normdatei), subject terms (Sachbegriffe) subset, RDF Turtle	Deutsche Nationalbibliothek (DNB)	Deutsche Nationalbibliothek with the German-language library networks (Germany, Austria, Switzerland)	acat/arts;acat/belief;acat/earth;acat/everyday;acat/health;acat/language;acat/life;acat/matter;acat/mind;acat/past;acat/society;acat/technology;acat/thought	subject-headings	1	rdf-ttl	https://data.dnb.de/opendata/authorities-gnd-sachbegriff_lds.ttl.gz	24119388	CC0 1.0: 'Metadata is provided under Creative Commons Zero (CC0 1.0) terms, unless otherwise stated'; every record carries dcterms:license CC0	https://data.dnb.de/opendata/	open	Periodic full dumps; current 'Stand 17.02.2026', posted 2026-03-02	https://data.dnb.de/opendata/001_Pruefsumme_Checksum.txt	https://www.dnb.de/gnd	HEAD 200 2026-09-25	yes	Stable link = dated file authorities-gnd-sachbegriff_lds_20260217.ttl.gz; its SHA-256 fa220da1be0f0582... is listed under the dated name in 001_Pruefsumme_Checksum.txt and matched my download. 207,505 records. Also offered as RDF/XML (.rdf.gz, 24,436,065 bytes) and JSON-LD; the whole GND only as 2.4 GB N-Triples/HDT. Vocabulary is GNDO, not SKOS: label gndo:preferredNameForTheSubjectHeading, variants gndo:variantNameForTheSubjectHeading (untagged literals, mostly German), hierarchy gndo:broaderTermGeneral/broaderTermGeneric/broaderTermPartitive/broaderTermInstantial, gndo:relatedTerm, notes gndo:definition and gndo:usingInstructions, gndo:gndSubjectCategory (GND-Systematik, d-nb.info/standards/vocab/gnd/gnd-sc#...), gndo:relatedDdcWithDegreeOfDeterminacyN (dewey.info classes); record metadata on <.../about> nodes. Mappings: skos:closeMatch/exactMatch/broadMatch/relatedMatch to LCSH, RAMEAU (data.bnf.fr), BNE (datos.bne.es), STW (zbw.eu), TheSoz (old lod.gesis.org URIs), AGROVOC, MeSH, Getty, BNCF; owl:sameAs to Wikidata. Text is UTF-8 DECOMPOSED (NFD) per DNB: normalise to NFC. Target URIs mix http and https (e.g. https://id.loc.gov/... here, http://id.loc.gov/... in LCSH): normalise before joining. The same directory has CC BY 4.0 MACS mapping files (GND-LCSH-RAMEAU, 5,319,179 bytes NT; also GND-MeSH, GND-AGROVOC, GND-EMBNE, GND-Nuovo soggettario).
rameau	RAMEAU (Répertoire d'autorité-matière encyclopédique et alphabétique unifié), data.bnf.fr SKOS dump	Bibliothèque nationale de France (data.bnf.fr)	Bibliothèque nationale de France (national library, France; francophone library network)	acat/arts;acat/belief;acat/earth;acat/everyday;acat/health;acat/language;acat/life;acat/matter;acat/mind;acat/past;acat/society;acat/technology;acat/thought	subject-headings	1	skos-nt	https://pef.bnf.fr/link/539d6d59-c2e3-4e17-b24c-d8a83ca11944	58978443	Licence Ouverte / Open Licence (Etalab) for data.bnf.fr RDF: free reuse keeping the source 'Bibliothèque nationale de France' and the retrieval date	https://www.bnf.fr/fr/conditions-de-reutilisations-des-donnees-de-la-bnf	open	Dumps refreshed periodically (files on the share dated 2026-05-28)		https://api.bnf.fr/fr/dumps-de-databnffr	GET 200 2026-09-25 (share page; file via JSF POST then GET /link/godrivedownload: 200 with Content-Length 58978443, stopped after 256 KB)	yes	No stable direct file URL: the url is the BnF file-share listing (linked from api.bnf.fr 'Accès aux dumps'). To download: GET the share page with a cookie jar; POST form 'fileList' (fileList_SUBMIT=1, javax.faces.ViewState from the page, and the file's command-link id, e.g. fileTable:55:j_id_2f for databnf_rameau_nosubjects_nt.tar.gz; match by file name, ids can shift) to https://pef.bnf.fr/webclient/godrive/PublicGoDrive.xhtml; the 302 leads to https://pef.bnf.fr/link/godrivedownload, which streams the file. The tar holds 200 N-Triples parts databnf_rameau_nosubjects__skos_000001.nt ... Variants: databnf_rameau_nt.tar.gz (132,511,753 bytes; the difference from 'nosubjects' is not documented on the pages read), RDF/XML (50.24 MB) and N3. SKOS: skos:prefLabel/altLabel (@fr), skos:broader/narrower/related, skos:scopeNote/editorialNote/note, bnf-onto:domaine (RAMEAU domain codes), owl:sameAs (ark URIs), rdfs:seeAlso, foaf:page; mappings skos:closeMatch/exactMatch/relatedMatch to Dewey (dewey.info), LCSH, GND, BNE, BNCF, AGROVOC, MeSH, Wikidata, DBpedia-fr. Parts also contain non-concept triples (virtual exhibitions with foaf:depiction, dcterms:subject) to skip. More alignments: databnf_externalrefs_nt.tar.gz (117.97 MB). LICENCE.txt on the share (Latin-1) states the RDF 'licence ouverte'.
ndlsh	NDLSH, National Diet Library Subject Headings (Web NDL Authorities), RDF/XML bulk file	National Diet Library (Japan)	National Diet Library (national library, Japan)	acat/arts;acat/belief;acat/earth;acat/everyday;acat/health;acat/language;acat/life;acat/matter;acat/mind;acat/past;acat/society;acat/technology;acat/thought	subject-headings	2	skos-rdfxml	https://id.ndl.go.jp/auth/data/download/ndlsh-rdf.zip	4213477	Web NDL Authorities terms of use: 'may be reused either for profit or for non-profit activities without prior application'; indicate that the data was obtained from Web NDL Authorities; NDL holds the copyright	https://id.ndl.go.jp/information/use_en/	open	Daily: 'additions, corrections, and deletions are automatically updated daily' (file Last-Modified 2026-09-25)		https://id.ndl.go.jp/information/download_en/	HEAD 200 2026-09-25	yes	Zip holds ndlsh-rdf-1.rdf ... ndlsh-rdf-5.rdf (38.9 MB). Scope: topical terms, some proper-name subjects and subdivisions (no personal or corporate names). SKOS-XL: skos:Concept with xl:prefLabel/xl:altLabel -> rdf:Description nodes holding xl:literalForm (untagged Japanese) and ndl:transcription @ja-Kana and @ja-Latn readings; English variants appear as untagged xl:altLabel literal forms; rdfs:label repeats the heading. skos:broader/narrower/related, skos:note, dct:source, skos:historyNote. Mappings: skos:closeMatch/exactMatch to LCSH (id.loc.gov/authorities/subjects), skos:relatedMatch to NDC9, NDC10 and NDLC classes (id.ndl.go.jp/class/...), owl:sameAs label-URI aliases. Tab-delimited twin ndlsh-tsv.zip (2,621,301 bytes; 18 columns incl. LCSH LCCN, NDC9, NDC10, NDLC, BSH4). NDLGFT genre/form terms are a separate TSV (not updated daily). NDL warns the authority data includes personal information.
ndc9-jla	NDC 9th edition (Nippon Decimal Classification), NDC-LD Turtle	Japan Library Association (JLA) Classification Committee, from joint research with the National Diet Library	Japan Library Association (Japan's standard library classification)	acat/arts;acat/belief;acat/earth;acat/everyday;acat/health;acat/language;acat/life;acat/matter;acat/mind;acat/past;acat/society;acat/technology;acat/thought	classification	2	skos-ttl	https://www.jla.or.jp/wp/wp-content/uploads/2025/06/ndc9.zip	1082504	CC BY ('クリエイティブ・コモンズ・ライセンスのCC-BYで公開します'; licence version not stated)	https://www.jla.or.jp/committees/bunrui/ndc-data/	open	Static: NDC 9th edition (ndc9.ttl dated 2019-02-22; zip re-posted 2025-06); the 10th edition data is not open		https://www.jla.or.jp/committees/bunrui/ndc-data/	HEAD 200 2026-09-25	yes	Zip holds ndc9.ttl (7.6 MB). 12,387 classes with skos:notation, skos:prefLabel @ja (12,385) and @en (only 1,723), rdfs:label with context; skos:broader/narrower, skos:related, skos:note; ndcv:indexedTerm blank nodes (relative-index terms: xl:literalForm + ndl:transcription katakana, ~9.7k); skos:relatedMatch to NDLSH (7,740, http://id.ndl.go.jp/auth/ndlsh/...); skos:Collection + ndcv:memberRange for number ranges; dct:isVersionOf http://jla.or.jp/data/ndc#<notation> (edition-independent). URIs http://jla.or.jp/data/ndc9#<notation>. JLA notes the data follows the machine-readable (MRDF) edition without its later corrections and leaves out auxiliary tables and unused items. ndc8.zip (NDC 8th ed.) is on the same page. A non-Western decimal classification whose top classes differ from DDC/UDC.
yso	YSO, General Finnish Ontology (Finto), SKOS RDF/XML	National Library of Finland (Finto)	National Library of Finland with SeCo and the Finnish Terminology Centre TSK (Finland; Finnish, Swedish and Northern Sámi)	acat/arts;acat/belief;acat/earth;acat/everyday;acat/health;acat/language;acat/life;acat/matter;acat/mind;acat/past;acat/society;acat/technology;acat/thought	ontology	4	skos-rdfxml	https://api.finto.fi/download/yso/yso-skos.rdf	58531320	CC BY 4.0	https://finto.fi/yso/en/	open	Continuous; export regenerated (Last-Modified 2026-09-25)		https://finto.fi/yso/en/	HEAD 200 2026-09-25	yes	Linked from https://finto.fi/yso/en/ as rest/v1/yso/data?format=application/rdf%2Bxml (302 to this file); Turtle twin yso-skos.ttl (26,149,449 bytes). skos:Concept with skos:prefLabel/altLabel/hiddenLabel in fi, sv, en and Northern Sámi (tagged both 'se' and 'sme': normalise), ysometa:singularPrefLabel/singularAltLabel; skos:broader/narrower/related; skos:scopeNote/definition/note; thematic groups as collections (skos:member); deprecated concepts with owl:deprecated, dct:isReplacedBy, ysometa:deprecatedBroader etc. Mappings: skos:closeMatch to Wikidata and LCSH, skos:exactMatch to YSA and Allärs (www.yso.fi). Place names live in the separate YSO places (yso-paikat) vocabulary.
koko	KOKO, Finnish core ontology collection (YSO + domain ontologies), SKOS RDF/XML	National Library of Finland (Finto)	National Library of Finland / FinnONTO consortium (Finland)	acat/arts;acat/belief;acat/earth;acat/everyday;acat/health;acat/language;acat/life;acat/matter;acat/mind;acat/past;acat/society;acat/technology;acat/thought	ontology	4	skos-rdfxml	https://api.finto.fi/download/koko/koko-skos.rdf	75047066	CC BY 3.0	https://finto.fi/koko/en/	open	Periodic (last modified 2026-04-29)		https://finto.fi/koko/en/	HEAD 200 2026-09-25	no	Linked from https://finto.fi/koko/en/ (rest/v1/koko/data, 302 to this file); Turtle twin koko-skos.ttl (37,254,591 bytes). Merges YSO with Finnish domain ontologies (AFO, JUHO, JUPO, KAUNO, KITO, KTO, LIIKO, MAO/TAO, OMA, SOTO, TERO, TSR, VALO): KOKO concepts (http://www.yso.fi/onto/koko/p...) with skos:exactMatch to the source-ontology concepts, skos:closeMatch to LCSH, labels fi/sv/en/se(+sme), many dct:isReplacedBy redirects for merged concepts. 'no' only because YSO (CC BY 4.0) covers the general layer; take KOKO when the Finnish domain ontologies are wanted (note CC BY 3.0).
udc-summary	UDC Summary (Universal Decimal Classification, ~2,600 classes)	UDC Consortium	UDC Consortium (The Hague, Netherlands; Otlet-La Fontaine documentation tradition)	acat/arts;acat/belief;acat/earth;acat/everyday;acat/health;acat/language;acat/life;acat/matter;acat/mind;acat/past;acat/society;acat/technology;acat/thought	classification	57	other	https://udcdata.info/		CC BY-NC 4.0 'from 2026' (udcsummary.info); udcdata.info still shows the former CC BY-SA 3.0; the full UDC (MRF) needs a paid licence	https://udcsummary.info/about.htm	registration	Summary being revised after UDC MRF12; linked data 'unavailable until this work is complete'		https://udcsummary.info/php/index.php	GET 200 2026-09-25 (landing page only; no dataset link)	no	No bulk file today: udcdata.info says the UDC Summary linked data (SKOS since 2011) 'is unavailable until this work is complete'; the exports page says export files (text/Word, Excel bilingual, multilingual, XML) are 'available on demand' by e-mail to udcs@udcc.org stating the intended use. The licence changed: 'From 2026, the data provided in this Summary is released under the CC BY-NC 4.0 license' (redistribution under the same licence), so commercial reuse is now excluded. The UDC licences page: publishing or using the ~2,600 Summary classes needs no licence; the complete Master Reference File (70,000+ entries) does. languages=57: the translation statistics list 56 languages beside English; 38 have >=50% of the 2,664 captions and 29 >=90%. Revisit when the new UDC data service appears.
ddc-oclc	Dewey Decimal Classification (DDC), Dewey Linked Data at entities.oclc.org	OCLC, Inc.	OCLC (USA; Dewey tradition; proprietary)	acat/arts;acat/belief;acat/earth;acat/everyday;acat/health;acat/language;acat/life;acat/matter;acat/mind;acat/past;acat/society;acat/technology;acat/thought	classification	8	other	https://entities.oclc.org/worldcat/ddc/		Not openly licensed: 'All copyright rights in the Dewey Decimal Classification system are owned by OCLC, Inc.'; use governed by the Dewey Linked Data Terms and Conditions	https://policies.oclc.org/en/terms/dewey-linked-data.html	restricted	Continuous (WebDewey)		https://www.oclc.org/en/dewey.html	GET 200 2026-09-25 (landing page; no bulk download exists)	no	DDC is NOT openly licensed. A 'base set' of Dewey linked data is free to view (main classes with labels in English, German, Spanish, French, Italian, Dutch, Norwegian and Swedish on the landing page, hence 8); the full set and two APIs need WebDewey credentials. The terms allow using Dewey Linked Data and the APIs 'to search and access and/or create and curate data for Your local workflows such as discovery services or cataloging', and prohibit commercial use, 'scraping, retrieving, or indexing any portion ... through the use of any robot, spider ... or other automated device', and 'permanent or long-term storage ... in a database containing material amounts' of the data. Do not harvest. Open sources that cite DDC numbers: GND (gndo:relatedDdc...), RAMEAU (dewey.info links), AGROVOC (a DDC linkset) - their own terms apply. The repo already stores the ten DDC main-class captions; keep to such minimal quotation.
iconclass	Iconclass, iconographic classification system (data files snapshot)	Iconclass (Henri van de Waal Foundation); data maintained by Hans Brandhorst and Etienne Posthumus	Iconclass / Henri van de Waal Foundation (Leiden, Netherlands; Western art-historical iconography)	acat/arts;acat/belief;acat/past;acat/everyday;acat/society;acat/life	classification	12	other	https://zenodo.org/api/records/7074601/files/iconclass/data-2022-09-13-1.zip/content	17547448	CC0 1.0 (LICENSE file of the iconclass/data repository; the Zenodo record says 'other-open')	https://raw.githubusercontent.com/iconclass/data/main/LICENSE	open	Zenodo snapshot 2022-09-13 (latest version of this DOI); the GitHub repository is updated continuously	https://zenodo.org/api/records/7074601	https://iconclass.org/	HEAD 200 2026-09-25	yes	Zenodo archive of github.com/iconclass/data (folder iconclass-data-99f94ab; md5 3c9566ee8c2a15a8aa377df9f33c512b in the Zenodo record matched my download). Custom text format, not RDF: notations.txt = records separated by lines '$', fields 'N <notation>', 'C <child>' (more values on following lines starting '; '), also 'K' (keys) and 'R' fields; labels in txt/<lang>/txt_<lang>_<range>.txt as 'notation|label' lines for de, en, es, fi, fr, hu, it, jp (non-standard code for Japanese), nl, pl, pt, zh; keywords in kw/<lang>/ (9 languages); keys.txt defines the '(+..)' key sub-trees that expand ~40k base nodes to over a million; bracketed '(...)' notations are open name slots (e.g. 11H(...) male saints). Per-notation SKOS by URI (http://iconclass.org/<notation>.rdf or .jsonld) but no official full SKOS dump. For current data use https://github.com/iconclass/data (notations.txt 1,518,830 bytes verified via raw.githubusercontent.com; github.com archive endpoints were blocked by this session's policy). Strong Christian/Classical skew by design (European art) - useful exactly as a declared perspective.
getty-aat-explicit	Getty Art & Architecture Thesaurus (AAT), explicit N-Triples export	J. Paul Getty Trust, Getty Research Institute (Getty Vocabulary Program)	Getty Research Institute (Los Angeles, USA) with international contributors and translation partners	acat/arts;acat/technology;acat/everyday;acat/past;acat/belief	thesaurus	105	rdf-nt	http://aatdownloads.getty.edu/VocabData/explicit.zip	140707071	Open Data Commons Attribution License (ODC-By) 1.0	https://www.getty.edu/research-conservation/tools-databases/vocabularies/data-services/	open	Stated 'full downloads of AAT, TGN, and ULAN in N-Triples refreshed monthly'; this file Last-Modified 2026-08-01		https://vocab.getty.edu/	HEAD 200 2026-09-25 (http only; https on *downloads.getty.edu resets the connection)	yes	Explicit (non-inferred) statements; 19 .nt files, ~2.79 GB unzipped (central directory read by range): AATOut_1Subjects.nt (types, skos:inScheme, gvp:parentString, gvp:displayOrder), AATOut_2Terms.nt (617 MB; skosxl:prefLabel/altLabel plus gvp:prefLabelGVP/prefLabelLoC -> term nodes carrying gvp:term, gvp:qualifier and skosxl:literalForm with the same @lang, per the Getty doc), AATOut_HierarchicalRels.nt (reified rdf:Statement with gvp:broaderPreferred/broaderNonPreferred: skos:broader and skos:prefLabel must be inferred per vocab.getty.edu/doc section 6.6, or use full.zip 251,953,169 bytes, which is stale: Last-Modified 2025-01-13), AATOut_AssociativeRels.nt, AATOut_ScopeNotes.nt (117 MB; gvp:ScopeNote nodes with rdf:value), AATOut_Notations.nt, AATOut_LCSHAlignment.nt, AATOut_WikidataAlignment.nt, AATOut_Lang_sameAs.nt, plus sources, contributors and a 1.2 GB revision history (skip). Load the GVP ontology http://vocab.getty.edu/ontology.rdf. languages=105 from Getty's LOD doc ('all languages used in AAT (about 105)'); a SPARQL count today found 112 tags / 82 base languages on prefLabels, ~15 with 100+ labels (en, nl, es, zh, fr, de, pt, it, la, ...).
getty-tgn-explicit	Getty Thesaurus of Geographic Names (TGN), explicit N-Triples export	J. Paul Getty Trust, Getty Research Institute (Getty Vocabulary Program)	Getty Research Institute (USA; art-historical view of places, incl. historical names)	acat/earth;acat/past;acat/society	gazetteer	220	rdf-nt	http://tgndownloads.getty.edu/VocabData/explicit.zip	1154597178	Open Data Commons Attribution License (ODC-By) 1.0	https://www.getty.edu/research-conservation/tools-databases/vocabularies/data-services/	open	Stated 'refreshed monthly'; explicit.zip Last-Modified 2026-01-04, full.zip 2025-01-19		https://www.getty.edu/research/tools/vocabularies/tgn/index.html	HEAD 200 2026-09-25 (http only; https resets)	no	Same source as row getty-tgn-explicit in c-places-languages-time.tsv (identical id and URL; keep one). 17 files, ~28.8 GB unzipped (zip64 central directory read by range): TGNOut_1Subjects, 2Terms, HierarchicalRels (reified gvp:broader*), Coordinates, PlaceTypes, PlaceMap, ScopeNotes, SemanticLinks, sources and revision history. languages=220 from Getty's doc (AAT ~105 plus TGN ~115 more); in a 50,000 altLabel SPARQL sample today 89% of names had no language tag and 155 base languages appeared. Far over 500 MB and the SPARQL endpoint refused full aggregate queries ('Service temporarily degraded').
getty-ulan-explicit	Getty Union List of Artist Names (ULAN), explicit N-Triples export	J. Paul Getty Trust, Getty Research Institute (Getty Vocabulary Program)	Getty Research Institute (USA; artists, architects, patrons and firms as seen by art-history cataloguing)	acat/arts;acat/past	authority-file	58	rdf-nt	http://ulandownloads.getty.edu/VocabData/explicit.zip	395098466	Open Data Commons Attribution License (ODC-By) 1.0	https://www.getty.edu/research-conservation/tools-databases/vocabularies/data-services/	open	Stated 'refreshed monthly'; explicit.zip Last-Modified 2026-01-04, full.zip (638,263,409 bytes) 2025-01-14		https://www.getty.edu/research/tools/vocabularies/ulan/index.html	HEAD 200 2026-09-25 (http only; https resets)	no	22 files, ~8.8 GB unzipped (central directory read by range): ULANOut_1Subjects, 2Terms, Biographies, AgentMap, AgentTypes, Nationality, Event, HierarchicalRels, AssociativeRels, ScopeNotes, LOCAlignment (to LC names), VIAFAlignment, WikidataAlignment, sources and revision history. People and corporate bodies, not a subject system: take it when the catalogue adds an agent layer (kind=person). languages=58 = base languages on prefLabels in a SPARQL count today (most labels carry no tag).
unesco-thesaurus	UNESCO Thesaurus (SKOS)	UNESCO	UNESCO (UN agency, Paris)	acat/society;acat/thought;acat/language;acat/arts;acat/belief;acat/past;acat/earth;acat/life;acat/matter;acat/technology	thesaurus	5	skos-rdfxml	https://vocabularies.unesco.org/exports/thesaurus/latest/unesco-thesaurus.rdf	8850742	CC BY-SA 3.0 IGO	https://vocabularies.unesco.org/en/about	open	Continuously updated (newest dct:modified in the file 2026-08-27); previous versions on request		https://vocabularies.unesco.org/en/	GET-range 206 2026-09-25 (HEAD 200 without Content-Length; size from Content-Range)	yes	Downloaded and profiled (8.9 MB): ~4.6k skos:Concept; skos:prefLabel/altLabel/hiddenLabel in ar, en, es, fr, ru (Arabic added 2020, Russian 2005); skos:broader/narrower/related; skos:scopeNote; micro-thesauri and 7 domains as collections (skos:member), skos:notation only on those; dct:created/modified. No external mappings inside (AGROVOC and others map to it). Turtle twin unesco-thesaurus.ttl. ShareAlike: label tables redistributed from the catalogue must stay CC BY-SA 3.0 IGO.
un-thesaurus	UN Thesaurus (UNBIS Thesaurus), dated RDF/XML export	United Nations, Dag Hammarskjöld Library	UN Dag Hammarskjöld Library (UN Secretariat, New York; the six official UN languages)	acat/society;acat/earth;acat/health;acat/technology;acat/arts;acat/language;acat/thought	thesaurus	6	skos-rdfxml	https://unbis-thesaurus.s3.amazonaws.com/unbist-20231117.rdf	20778677	'The UN Thesaurus may be accessed and used free of charge for non-commercial use, provided appropriate acknowledgement is given as follows: © United Nations, 2025, http://metadata.un.org/thesaurus/ Information downloaded on [DATE]'; other re-use: permissions@un.org	https://research.un.org/en/thesaurus/downloads	open	Continuously updated; newest file in this bucket 2023-11-17; current releases are deposited in UN Digital Library record 4075456		https://metadata.un.org/skosmos/thesaurus/en/	HEAD 200 2026-09-25	no	The downloads page names UN Digital Library record 4075456 (csv, rdf, ttl) as the source of current files; that site answered an AWS WAF challenge (202, empty body) here, so this row uses the newest file in the public bucket https://unbis-thesaurus.s3.amazonaws.com/ (listing read; the bucket also serves the SDG taxonomy the page links), which holds unbist-YYYYMMDD.{rdf,ttl,csv,xlsx} up to 2023-11-17 - fetch newer ones from the Digital Library. EuroVoc-like model: domains (skos:ConceptScheme + eurovoc Domain), micro-thesauri with 6-digit codes (e.g. http://metadata.un.org/thesaurus/030101), concepts with skos:prefLabel/altLabel in ar, zh, en, fr, ru, es, skos:broader/narrower/related, skos:scopeNote, dct:identifier, owl:deprecated. The export is grouped by predicate (labels appear mid-file): parse the whole graph. Carries the UN disclaimer that terms imply no opinion on the status of any country or its boundaries. 'no' because of the non-commercial clause; the SDG taxonomy (sdg-20230317.ttl) is 'made available free of charge and may be copied freely' with citation.
eurovoc	EuroVoc, SKOS core concepts (RDF/XML)	Publications Office of the European Union	Publications Office of the European Union (EU institutions, Luxembourg)	acat/society;acat/earth;acat/technology;acat/health;acat/language;acat/thought	thesaurus	27	skos-rdfxml	https://op.europa.eu/o/opportal-service/euvoc-download-handler?cellarURI=http%3A%2F%2Fpublications.europa.eu%2Fresource%2Fcellar%2F9f2bd600-ae7b-11e7-837e-01aa75ed71a1.0001.09%2FDOC_1&fileName=eurovoc_in_skos_core_concepts.zip	8769552	European Commission reuse notice (Commission Decision 2011/833/EU on the reuse of Commission documents), as declared in the dataset's DCAT record	https://data.europa.eu/api/hub/search/datasets/eurovoc	open	Several releases a year; version 4.24 (DCAT modified 2026-07-08); file Last-Modified 2026-09-01		https://op.europa.eu/en/web/eu-vocabularies/dataset/-/resource?uri=http://publications.europa.eu/resource/dataset/eurovoc	HEAD 200 2026-09-25 (no Content-Length; Range ignored, full GET 8769552 bytes)	yes	URL from the DCAT record on data.europa.eu (distribution 'EuroVoc SKOS_CORE'); the Cellar item id (...0001.09/DOC_1) changes between releases, so re-read the record each time; the EU Vocabularies page renders its download list with JavaScript. Zip holds eurovoc_in_skos_core_concepts.rdf (60.7 MB; RDF/XML with per-element xmlns): skos:prefLabel/altLabel in the 24 EU languages plus mk, sq, sr (27; a few stray no/tr/bs labels), skos:definition, scopeNote, historyNote, skos:notation, skos:broader/narrower/related, skos:inScheme = micro-thesaurus and domain schemes, topConceptOf. No mappings in this file (EuroVoc alignments are separate EU Vocabularies datasets). Other distributions: SKOS-XL (eurovoc_skos.zip), SKOS-AP-EU, XML, MARCXML, Excel, TBX.
agrovoc	AGROVOC Multilingual Thesaurus, core dump (N-Triples)	Food and Agriculture Organization of the United Nations (FAO)	FAO (UN agency, Rome) with a global network of national editors	acat/technology;acat/life;acat/earth;acat/health;acat/society;acat/everyday	thesaurus	55	skos-nt	https://agrovoc.fao.org/latestAgrovoc/agrovoc_core.nt.zip	73760195	CC BY 4.0 (dct:license in the AGROVOC VoID; dc:rights 'CC-BY 4.0')	http://aims.fao.org/aos/agrovoc/void.ttl	open	Frequent releases; this dump Last-Modified 2026-09-07 (VoID dct:modified 2026-09-07)		https://www.fao.org/agrovoc/	HEAD 200 2026-09-25	yes	Listed in FAO's data catalogue package 'agrovoc-release' (the releases page's 'Latest version' link). One file agrovoc_core.nt, ~1.08 GB unzipped, triples sorted by predicate: stream it. Core = the VocBench dump with SKOS-XL labels (skosxl:prefLabel/altLabel -> skosxl:literalForm @lang); per the release notes SKOS core labels are materialised only in agrovoc_lod.nt.zip (96,365,215 bytes; also adds inferred inverses and the Agrontology vocabulary) - take that one if you want skos:prefLabel directly. skos:broader/narrower, skos:related and Agrontology sub-properties. Mappings: the VoID lists linksets to LCSH, DDC, DNB/GND, RAMEAU, BNCF, NALT, CABI, GACS, EuroVoc, GEMET, UNESCO, STW, TheSoz, MeSH, YSO, Wikidata, DBpedia, GeoNames, GBIF, IPNI, POWO, ILO, World Bank, SDGs and more. languages=55: the VoID lists 57 lexicalisation subsets (incl. es-419 and pt-BR variants), with many African and Asian languages (Swahili, Hindi, Bengali, Khmer, Lao, Burmese, Nepali, Sinhala, Telugu, Marathi, Malay, Georgian); FAO's 'about' page says 'up to 42 languages' - coverage per language varies widely.
gemet	GEMET, General Multilingual Environmental Thesaurus (SKOS)	European Environment Agency (Eionet)	European Environment Agency / Eionet (EU agency, Copenhagen)	acat/earth;acat/life;acat/society;acat/technology;acat/health	thesaurus	36	skos-rdfxml	https://www.eionet.europa.eu/gemet/latest/gemet.rdf.gz	7423725	CC BY 4.0	https://www.eionet.europa.eu/gemet/en/exports/rdf/latest	open	Irregular; latest version 4.2.3 (2021-12-06)		https://www.eionet.europa.eu/gemet/en/about/	HEAD 200 2026-09-25	yes	'Entire GEMET thesaurus in SKOS format' (gzip RDF/XML), downloaded and profiled: 5,573 skos:Concept; skos:prefLabel in 37 tags (36 languages + en-US, incl. ar, zh-CN, hy, ka, az, eu, is, tr, uk, ru), skos:definition (46k), skos:altLabel, skos:broader/narrower/related, skos:scopeNote, groups and themes as collections (skos:member), skos:notation. Mappings: skos:closeMatch to the UBA Umweltthesaurus (data.uba.de) and DBpedia, skos:exactMatch/broadMatch/narrowMatch to EuroVoc, skos:exactMatch to AGROVOC and to the EEA 'determinants' vocabulary (rdfdata.eionet.europa.eu/eea/determinants). Per-part files (backbone, skoscore, definitions, groups) on the same page.
stw	STW Thesaurus for Economics (N-Triples)	ZBW - Leibniz Information Centre for Economics	ZBW - Leibniz Information Centre for Economics (Kiel/Hamburg, Germany)	acat/society	thesaurus	2	skos-nt	https://zbw.eu/stw/version/latest/download/stw.nt.zip	1344583	CC BY 4.0	https://zbw.eu/stw/version/latest/download/about.en.html	open	Irregular releases; current 9.20 (file 2025-12-16)		https://zbw.eu/stw/version/latest/about.en.html	HEAD 200 2026-09-25	yes	The page downloads via a POST to download.php (optional mailing-list fields), which answers 302 to ./stw.nt.zip, i.e. this URL (version-pinned twin https://zbw.eu/stw/version/9.20/download/stw.nt.zip). Zip holds stw.nt (14.8 MB), profiled: skos:prefLabel/altLabel/hiddenLabel @de and @en, skos:broader/narrower/related, skos:scopeNote/definition/historyNote, skos:notation (thesaurus categories), zbwext:altLabelNarrower/altLabelRelated, owl:deprecated + dct:isReplacedBy, gbv:gvkppn. Mappings are separate files on the same page: stw_gnd_mapping, stw_wikidata_mapping, stw_dbpedia_mapping, stw_eurovoc_mapping, stw_thesoz_mapping, stw_agrovoc_mapping, stw_jel_mapping, stw_sdmx_mapping (.nt.zip each).
thesoz	TheSoz, Thesaurus for the Social Sciences (SKOS Turtle)	GESIS - Leibniz Institute for the Social Sciences	GESIS - Leibniz Institute for the Social Sciences (Mannheim/Cologne, Germany)	acat/society;acat/mind	thesaurus	4	skos-ttl	https://zenodo.org/api/records/18773539/files/thesoz.ttl/content	19333985	CC BY 4.0	https://zenodo.org/records/18773539	open	Version 1.0.0 issued 2025-03-21 (file uploaded 2026-02-25)	https://zenodo.org/api/records/18773539	https://data.gesis.org/cvbrowser/thesoz/en/	HEAD 200 2026-09-25	yes	GESIS deposit (DOI 10.7802/2912; latest version) with thesoz.ttl, thesoz_classification.ttl (5,858,133 bytes; the TheSoz-CL topic hierarchy) and readme.txt; md5 per file in the record. ~12,000 entries (8,000+ descriptors). skos:prefLabel/altLabel @de/@en/@fr/@ru (Russian partial) mirrored as skosxl:prefLabel/altLabel term nodes (https://data.gesis.org/thesoz/term_<id>_<lang>); skos:broader, skos:related, skos:historyNote ('validSince: ...'); skos:exactMatch/relatedMatch to DBpedia and STW. URIs are now https://data.gesis.org/thesoz/concept_<id>: older mappings (GND, AGROVOC, STW files) use http://lod.gesis.org/thesoz/concept/<id> - join on the numeric id. The Skosmos browser has no download endpoint (rest/v1/thesoz/data -> 404) and www.gesis.org answers a Cloudflare challenge; lod.gesis.org over https failed certificate verification here (http redirects to the browser).
mesh-xml	MeSH (Medical Subject Headings) 2026, XML descriptor records	US National Library of Medicine (NIH)	US National Library of Medicine (NIH, USA; biomedical literature indexing)	acat/health;acat/life;acat/matter;acat/mind	thesaurus	1	xml	https://nlmpubs.nlm.nih.gov/projects/mesh/MESH_FILES/xmlmesh/desc2026.gz	16812612	NLM Terms and Conditions for MeSH: 'NLM freely provides MeSH data'; acknowledge NLM as the source; do not imply endorsement; redistributors keep data current or state the MeSH version	https://www.nlm.nih.gov/databases/download/terms_and_conditions_mesh.html	open	Descriptors and qualifiers annually (desc2026 re-posted 2026-08-12); supplementary records daily Mon-Fri		https://www.nlm.nih.gov/databases/download/mesh.html	HEAD 200 2026-09-25	yes	gzip of desc2026.xml (DescriptorRecordSet, DTD nlmdescriptorrecordset_20260101.dtd; zip twin desc2026.zip, same directory listing). Per DescriptorRecord: DescriptorUI (D......), DescriptorName/String, TreeNumberList/TreeNumber (hierarchy = tree number minus its last '.segment'; one descriptor can sit in several trees), ConceptList/Concept (PreferredConceptYN, ConceptName, ScopeNote, ConceptRelationList, TermList/Term/String = entry terms, RegistryNumberList), AllowableQualifiersList, PreviousIndexingList, HistoryNote/PublicMeSHNote/Annotation, PharmacologicalActionList. Qualifiers in qual2026.xml, chemical supplementary records in supp2026.xml. English only: translations (e.g. BIREME's DeCS) are not covered by these terms. A MeSH 2027 preview is already out: pin the year and re-point when the 2027 files appear.
mesh-rdf	MeSH RDF 2026 (N-Triples, descriptors + qualifiers + supplementary records)	US National Library of Medicine (NIH)	US National Library of Medicine (NIH, USA; biomedical literature indexing)	acat/health;acat/life;acat/matter;acat/mind	thesaurus	1	rdf-nt	https://nlmpubs.nlm.nih.gov/projects/mesh/rdf/2026/mesh2026.nt.gz	120696702	NLM Terms and Conditions for MeSH (as mesh-xml)	https://www.nlm.nih.gov/databases/download/terms_and_conditions_mesh.html	open	Stated 'All MeSH RDF files are posted daily (Monday - Friday)'; observed mesh2026.nt.gz Last-Modified 2026-01-09	https://nlmpubs.nlm.nih.gov/projects/mesh/rdf/2026/mesh2026.nt.gz.sha1	https://www.nlm.nih.gov/databases/download/mesh.html	HEAD 200 2026-09-25	no	The download page's 'current production year' RDF link still points to rdf/2025/; the directory listing has rdf/2026/ (mesh2026.nt.gz, .sha1 files, void.ttl, vocabulary_1.0.0.ttl, mesh2026-dups.nt) and a stale top-level rdf/mesh.nt.gz (Last-Modified 2023-12-18). Not SKOS: MeSH vocabulary meshv: (http://id.nlm.nih.gov/mesh/vocab#) - rdfs:label, meshv:preferredConcept/preferredTerm/concept, meshv:parentTreeNumber (seen), plus tree numbers, broader descriptors and scope notes per NLM's vocabulary; the first 3 MB are dominated by supplementary concept records (meshv:preferredMappedTo/mappedTo). Prefer mesh-xml for the subject system; use this when you need NLM's URIs or the supplementary records.
decs	DeCS/MeSH, Descritores em Ciências da Saúde (Health Sciences Descriptors)	BIREME / PAHO / WHO	BIREME - Latin American and Caribbean Center on Health Sciences Information (PAHO/WHO, São Paulo, Brazil)	acat/health;acat/life;acat/mind;acat/society	thesaurus	4	xml	https://decs.bvsalud.org/en/for-developers/		Free licence agreement with PAHO/BIREME required: one licence per edition, 3 years, non-exclusive; DeCS may be incorporated in the licensee's product/service but 'DeCS data shall not be sold or made available separately'; the NLM MeSH terms also apply	https://decs.bvsalud.org/en/conditions-for-downloading-decs-mesh-data/	registration	Annual editions (2026 edition current)		https://decs.bvsalud.org/en/	GET 200 2026-09-25 (landing page; 403 to curl's default User-Agent; data files only after the licence request)	no	Offline XML files or an API token are granted after an application form and the licence agreement; no public file URL (url = the developers page that explains the process). 35,033 descriptors: 31,110 from MeSH and 3,923 exclusive to DeCS (Homeopathy 1,848; Public Health 2,820; Traditional, Complementary and Integrative Medicine 114; Science and Health 350; Health Surveillance), 77 qualifiers; Portuguese, Spanish, English and French. A distinct Latin American public-health and traditional-medicine perspective, but the clauses 'shall not be sold or made available separately' and 'protect DeCS codes and terms from unauthorized access, copying, transmission or use by third parties' conflict with an open catalogue: ask BIREME before storing labels.
nalt	NAL Agricultural Thesaurus (NALT Full, NALT Concept Space 2024), SKOS RDF/XML	USDA National Agricultural Library	USDA National Agricultural Library (USA)	acat/technology;acat/life;acat/earth;acat/health	thesaurus	2	skos-rdfxml	https://lod.nal.usda.gov/downloads/nalt-full_dwn.rdf.zip	8515264	CC BY 4.0	https://lod.nal.usda.gov/nalt/en/	open	Annual editions (NALT 2024; file nalt-full_dwn_20240716.rdf, Last-Modified 2024-07-24)		https://lod.nal.usda.gov/en/	HEAD 200 2026-09-25	yes	Linked from https://lod.nal.usda.gov/nalt/en/ as rest/v1/nalt/data?format=application/rdf%2Bxml (302 to this zip). Zip holds nalt-full_dwn_20240716.rdf (95 MB), profiled: 77k concepts incl. ~53k taxa (naltv:taxonomicRank); skos:prefLabel/altLabel @en and @es, skos:broader/narrower/related, skos:definition/scopeNote, dcterms:source, naltv:marc, naltv:hasProduct/productOf. Mappings: skos:exactMatch to GACS (id.agrisemantics.org), CAB Thesaurus (id.cabi.org), LCSH and AGROVOC; skos:closeMatch to LCSH and Wikidata. Subschemes: NALT Core (nalt-core_dwn.rdf.zip, 2,283,811 bytes, 14,196 concepts), NALT Taxon, NALT AWIC.
eric-thesaurus	ERIC Thesaurus (education descriptors), XML	Institute of Education Sciences (IES), U.S. Department of Education (ERIC)	US Department of Education, Institute of Education Sciences (education research, USA)	acat/society;acat/mind;acat/language	thesaurus	1	xml	https://eric.ed.gov/ERICThesaurus2025.zip	1000436	No named licence: 'The ERIC thesaurus and ERIC database are available for use by the general public. Please see our copyright policy for more information on acceptable use.'	https://eric.ed.gov/?download	open	'This file was last updated January 2025, and will be updated when changes to the thesaurus are made'		https://eric.ed.gov/?ti=all	HEAD 200 2026-09-25 (one earlier HEAD got an empty reply; GET-range 206)	yes	Zip holds ERICThesaurus2025.xml (9.3 MB, Nstein taxonomy XML), profiled: 11,929 <Term> (RecType Main 4,578 descriptors, Synonym 7,219 lead-in terms, Dead 132) with <Name>, <Attributes> (RecType; GroupCode e.g. '120 Individual Development and Characteristics' = descriptor group; ScopeNote; AddDate) and <Relationships type='BT'|'NT'|'RT'|'UF'|'U'> whose <Is> children are term NAMES, not ids - resolve by name ('U' = USE from a synonym). English only; a US education vocabulary. The copyright policy text is about indexed documents; the thesaurus statement above is the only permission given.
msc2020	MSC2020, Mathematics Subject Classification 2020	zbMATH Open (FIZ Karlsruhe) and Mathematical Reviews (American Mathematical Society)	zbMATH Open (FIZ Karlsruhe, Germany) and Mathematical Reviews (AMS, USA)	acat/thought	classification	1	tsv	https://msc2020.org/MSC_2020.csv	797211	CC BY-NC-SA 4.0 ('jointly published by the two organizations under a Creative Commons CC-BY-NC-SA license')	https://msc2020.org/	open	Static (MSC2020; file Last-Modified 2022-10-28)		https://msc2020.org/	HEAD 200 2026-09-25	no	Despite the .csv name the file is TAB-separated with double-quoted fields, header code/text/description, ISO-8859-1 encoded (not UTF-8), CRLF line ends; 6,603 rows. Hierarchy is implicit in the codes: 'NN-XX' (two-digit area) > 'NNAxx' (three-character) > 'NNA05' (five-character), plus hyphen classes like 'NN-01'; 'description' often repeats 'text' and carries cross-references in braces ('{For ..., see ...}') to parse into related links. TeX and PDF versions on the same page. 'no' because NC-SA excludes commercial reuse and forces share-alike.
acm-ccs-2012	ACM Computing Classification System (CCS) 2012	Association for Computing Machinery (ACM)	Association for Computing Machinery (professional society, New York, USA)	acat/technology;acat/thought	classification	1	skos-rdfxml	https://dl.acm.org/ccs		'freely available for educational and research purposes'; commercial use by permission of ACM (wording from search-engine extracts of the ACM CCS page; the page itself could not be read here)	https://www.acm.org/publications/class-2012	open	Static (2012 edition)		https://www.acm.org/publications/class-2012	403 2026-09-25 (Cloudflare challenge on dl.acm.org and www.acm.org, also for the web-fetch tool)	no	The SKOS (XML) file, plus Word and HTML versions, is linked from https://dl.acm.org/ccs and https://www.acm.org/publications/class-2012; both pages returned Cloudflare 403 challenges and the web archive was unreachable, so the direct file URL, size and contents could not be read or probed - resolve the link in a browser and re-probe before use. format=skos-rdfxml follows ACM's own description 'SKOS (xml)'. 'no' because use is limited to educational and research purposes.
physh	PhySH, Physics Subject Headings v2.8.0 (N-Triples)	American Physical Society (APS)	American Physical Society (professional society, USA)	acat/matter	subject-headings	1	skos-nt	https://raw.githubusercontent.com/physh-org/PhySH/v2.8.0/physh.nt.gz	861142	CC0 1.0 ('APS provides PhySH under the public domain Creative Commons CC-0 1.0 license'; the name 'PhySH' may not be used without permission)	https://physh.org/licensing	open	'New releases are expected at most four times per year'; current release 2.8.0		https://physh.org/	HEAD 200 2026-09-25	yes	Same source as row physh in a-encyclopedic-scholarly.tsv (identical id and URL; keep one). The releases page says every version is downloadable from github.com/physh-org/PhySH, tagged by version, as physh.json, physh.ttl, physh.nt, physh.rdf (the tag holds the .nt gzipped; master's physh.ttl is byte-identical to the v2.8.0 one). Concepts https://doi.org/10.29172/<uuid>: 3,891 skos:Concept, skos:prefLabel/altLabel/hiddenLabel @en, 3,682 skos:broader (+ narrower), 783 skos:related, skos:scopeNote; facets and disciplines via physh_rdf:Facet/Discipline (disciplines are also skos:ConceptScheme), physh_rdf:inFacet/inDiscipline/contains/hasConcept, physh_rdf:deprecated with replacements in deprecated.csv.
jel	JEL Classification System (Journal of Economic Literature codes), hierarchical XML	American Economic Association (AEA)	American Economic Association (professional society, USA)	acat/society	classification	1	xml	https://www.aeaweb.org/econlit/classificationTree.xml	182097	No open licence: the page footer states 'Copyright 2026 American Economic Association. All rights reserved.'	https://www.aeaweb.org/econlit/jelCodes.php	open	Occasional (file Last-Modified 2023-11-06)		https://www.aeaweb.org/econlit/jelCodes.php	HEAD 200 2026-09-25	no	Linked from the JEL codes page as 'XML' under 'JEL Format (Hierarchical)'; the flat EconLit variant is https://www.aeaweb.org/econlit/classifications.xml. Nested <classification level='1'..'3' language='English'> elements with <code> and <description> (CDATA; keyword lists separated by '&bull;' entities); 1,015 codes. Free to download but no reuse permission is stated: store codes only, or use STW's stw_jel_mapping (CC BY 4.0), unless AEA grants permission.
arxiv-taxonomy	arXiv Category Taxonomy	arXiv (Cornell University)	arXiv (Cornell Tech, USA; preprint community with volunteer moderators)	acat/matter;acat/thought;acat/technology;acat/life;acat/society	taxonomy	1	other	https://arxiv.org/category_taxonomy	83909	No licence stated for the taxonomy page; arXiv's API Terms of Use place 'descriptive metadata about arXiv e-prints' (which includes category codes) under CC0 1.0; the machine-readable definitions ship in arXiv's MIT-licensed arxiv-base code	https://info.arxiv.org/help/api/tou.html	open	Changes when categories are added or merged (live page)		https://arxiv.org/category_taxonomy	HEAD 200 2026-09-25	no	HTML page: groups -> archives -> 155 categories, each as '<h4>cs.AI <span>(Artificial Intelligence)</span></h4>' followed by a description paragraph (parse with an HTML parser). Machine-readable twin: arxiv/taxonomy/definitions.py in the arXiv/arxiv-base repository (MIT licence; raw file 92,732 bytes, 200 via raw.githubusercontent.com) with GROUPS, ARCHIVES and CATEGORIES dicts incl. aliases (math.MP = math-ph, stat.TH = math.ST) and start years. Tiny and easy to hand-convert; 'no' only because there is no data file or explicit data licence.
homosaurus	Homosaurus v5, international LGBTQ+ linked data vocabulary (N-Triples)	Homosaurus Editorial Board (hosted by the Digital Transgender Archive)	Homosaurus Editorial Board / Digital Transgender Archive (LGBTQ+ community vocabulary; US-based, international contributors)	acat/society;acat/health;acat/arts;acat/past;acat/mind	thesaurus	57	skos-nt	https://homosaurus.org/v5.nt	14501548	CC BY-NC-ND 4.0	https://homosaurus.org/releases	open	Several releases a year; v5.0.0 (2026-06-30)		https://homosaurus.org/	HEAD 200 2026-09-25 (no Content-Length; full GET 14501548 bytes)	no	Also v5.ttl, v5.jsonld, v5.xml, v5.csv (and 'V2' variants) on the V5 page. Profiled: 4,286 concepts (https://homosaurus.org/v5/homoitNNNNNNN, dcterms:identifier) in scheme https://homosaurus.org/v5; skos:prefLabel/altLabel, rdfs:comment (definitions), skos:broader/narrower/related, skos:changeNote, dcterms:replaces (older v2 URIs), skos:exactMatch/closeMatch to LCSH (620). Non-standard: every concept carries skos:hasTopConcept pointing to its top-level ancestor (concept -> concept) - do not read it as scheme membership. Labels: en, es, sv, nl broad; de ~4.6k, fr ~0.8k, ja ~0.5k; ~50 further languages (Hawaiian, Māori, Samoan, Tongan, Navajo, Ojibwe, Quechua, ...) on a few labels each; 57 base languages. NC and ND: redistributing converted or modified tables needs the board's permission.
maori-subject-headings	Ngā Upoko Tukutuku / Māori Subject Headings	National Library of New Zealand (Te Puna Mātauranga o Aotearoa) with Te Rōpū Whakahau and LIANZA	Te Rōpū Whakahau / National Library of New Zealand (Māori)	acat/society;acat/belief;acat/past;acat/language;acat/arts;acat/everyday;acat/earth	subject-headings	2	other	https://natlib.govt.nz/librarians/nga-upoko-tukutuku		Not verified: the publisher page could not be read from this container	https://natlib.govt.nz/librarians/nga-upoko-tukutuku	open	Ongoing (new headings added as developed; not verified)		https://natlib.govt.nz/librarians/nga-upoko-tukutuku	200 2026-09-25 but the body is a 212-byte Incapsula bot challenge (no content); the web-fetch tool also got an empty page	no	Could not read the page. A search-engine summary of it says the headings 'are available in MARC as a downloadable file in Unicode/UTF-8 or non-Unicode/MARC8 format', and LC has authorised MARC source code 'reo' for them (id.loc.gov/vocabulary/subjectSchemes/reo). Te Rōpū Whakahau's page: more than 1,400 headings with explanations, governed by the Ngā Upoko Tukutuku governance group (Te Rōpū Whakahau, LIANZA, the National Library); contact reo@dia.govt.nz. Before ingesting: get the file URL and reuse terms from NLNZ, and follow Māori data-sovereignty expectations (governance-group consent, te reo labels as primary, attribution). languages=2 is an estimate (te reo Māori headings, English explanations).
brian-deer-xwi7xwa	Xwi7xwa Classification Scheme (British Columbia variant of the Brian Deer Classification System)	Xwi7xwa Library, First Nations House of Learning, University of British Columbia	Xwi7xwa Library, UBC (Indigenous library, British Columbia, Canada); scheme after Brian Deer (Kahnawake Mohawk), modified by founding librarian Gene Joseph (Wet'suwet'en - Nadleh Whut'en)	acat/society;acat/past;acat/belief;acat/language;acat/arts;acat/earth;acat/health;acat/everyday	classification	1	other	https://xwi7xwa-library-10nov2016.sites.olt.ubc.ca/files/2021/06/2018-MODIFIED-DEER-Public-version.pdf	256836	None stated (neither the PDF nor the library page carries a licence)	https://xwi7xwa.library.ubc.ca/collections/indigenous-knowledge-organization/	open	Static PDF ('Updated 28march2018')		https://xwi7xwa.library.ubc.ca/collections/indigenous-knowledge-organization/	HEAD 200 2026-09-25 (no Content-Length; GET 256836 bytes)	no	9-page PDF 'Xwi7xwa Classification Scheme (based on the Brian Deer Classification Scheme)': letter codes with captions (A Reference materials, AB Bibliographies, ..., B History - BC, BA History and culture - BC First Nations, BB Natural history, geography - BC, ...); hierarchy by code prefix; needs PDF text extraction and hand checking. The library stresses that its scheme is 'one example of what works in this library' and that each implementation is local. Other public variants listed there: SFU ICRC (Word version by e-mail to lib-indigenous@sfu.ca), KPU χʷəχʷéy̓əm scheme (https://www.kpu.ca/sites/default/files/Library/KPU_BDC_Version1.pdf, 795,166 bytes, 200) and the UBCIC Resource Centre revision (PDF, 1,069,757 bytes, 200). Xwi7xwa's FNHL subject headings are 'in development' (not published). No structured data and no licence: ask Xwi7xwa before redistributing; valuable as a hand-crosswalked Indigenous perspective scheme.
aiatsis-pathways	AIATSIS Pathways thesauri (subject, language and place)	Australian Institute of Aboriginal and Torres Strait Islander Studies (AIATSIS)	AIATSIS (Canberra; national institute for Aboriginal and Torres Strait Islander studies)	acat/society;acat/past;acat/language;acat/belief;acat/arts;acat/earth	thesaurus	1	other	https://aiatsis.gov.au/thesaurus/download		CC BY 4.0 (per search-engine extracts of the Pathways pages; not read directly); reproduction and rights enquiries to metadata@aiatsis.gov.au	https://aiatsis.gov.au/thesaurus	open	Not verified		https://aiatsis.gov.au/thesaurus	403 2026-09-25 (Cloudflare challenge on aiatsis.gov.au and thesaurus.aiatsis.gov.au)	no	Three thesauri (per search extracts of AIATSIS pages): Language (languages and peoples of Australia, with language codes and grid references), Place (Australian place names, Indigenous name first wherever possible) and Subject (faceted headings for Aboriginal and Torres Strait Islander studies). File formats and sizes unknown from here: re-probe from an unblocked network. Companion open dataset: row austlang. Reuse should follow AIATSIS's cultural protocols and the communities' own naming.
austlang	AUSTLANG, Australian Indigenous Languages Database (dataset CSV)	Australian Institute of Aboriginal and Torres Strait Islander Studies (AIATSIS)	AIATSIS (Canberra) with Aboriginal and Torres Strait Islander language communities	acat/language;acat/society;acat/past	language-catalogue	1	csv	https://api.aiatsis.gov.au/files/public/austlang/austlang_dataset.csv	301501	CC BY 4.0 (data.gov.au record 'Austlang dataset', published by AIATSIS)	https://data.gov.au/data/api/3/action/package_show?id=austlang-dataset-001	open	Resource dated 2022-02-16 on data.gov.au (record modified 2026-05-13)		https://aiatsis.gov.au/austlang/download-data	502 2026-09-25 (the egress proxy rejected CONNECT to api.aiatsis.gov.au; the data.gov.au listing was read)	no	URL and size (301,501 bytes, format csv-geo-au) from the data.gov.au CKAN record, which also lists the AIATSIS download page. Not inspected: the file host is blocked from this container. AUSTLANG codes are the language codes used in the AIATSIS Language thesaurus; expect one row per language/variety with names, alternative names and coordinates - verify columns on first download. Likely 'yes' (CC BY 4.0, tiny) once reachable; overlaps the language cluster (Glottolog/ISO 639-3).
ascl-african-studies-thesaurus	African Studies Thesaurus (ASC Leiden)	African Studies Centre Leiden (ASCL), Library, Documentation and Information Department	African Studies Centre Leiden (Netherlands): a European research library's vocabulary about Africa	acat/society;acat/past;acat/language;acat/belief;acat/earth;acat/arts	thesaurus	1	other	https://thesaurus.ascleiden.nl/		No licence stated; pages marked '© ASC Leiden 2006-2026'; no download offered	https://thesaurus.ascleiden.nl/thes.php?mnu=1	restricted	'Maintained on an ongoing basis' (page last update 2026-09-25)		https://thesaurus.ascleiden.nl/	HEAD 200 2026-09-25 (web search interface only)	no	Browse/search only: no bulk file, API or open licence. 13,954 terms (5,759 descriptors, 8,195 non-descriptors) covering African countries and regions, almost 1,000 ethnic groups, some 500 African languages, 340+ traditional polities and ~170 political parties; alphabetical part 2006, systematic part 2012 (replaced UDC). Listed because no open subject system published FROM Africa was found; this is a view of Africa from a Dutch institution. Ask ASCL for an export before any use.
